{"cameraMode":{"drawMode":0,"name":"Shaded","section":"Shading Mode"},"sceneLighting":false,"audioPlay":false,"sceneViewState":{"m_AlwaysRefresh":false,"showFog":true,"showSkybox":false,"showFlares":true,"showImageEffects":true,"showParticleSystems":true,"showVisualEffectGraphs":true,"m_FxEnabled":true},"in2DMode":false,"pivot":{"x":0.7636795043945313,"y":0.11025786399841309,"z":-0.06483817100524903},"rotation":{"x":0.013538714498281479,"y":-0.9857012629508972,"z":0.12285813689231873,"w":0.11555633693933487},"size":1.3674198389053345,"orthographic":false}